/*
 Navicat Premium Data Transfer

 Source Server         : 短链_大课
 Source Server Type    : MySQL
 Source Server Version : 80027
 Source Host           : 120.79.150.146:3306
 Source Schema         : dcloud_link_0

 Target Server Type    : MySQL
 Target Server Version : 80027
 File Encoding         : 65001

 Date: 25/04/2022 16:50:17
*/

SET NAMES utf8mb4;
SET FOREIGN_KEY_CHECKS = 0;

-- ----------------------------
-- Table structure for domain
-- ----------------------------
DROP TABLE IF EXISTS `domain`;
CREATE TABLE `domain` (
  `id` bigint unsigned NOT NULL,
  `account_no` bigint DEFAULT NULL COMMENT '用户自己绑定的域名',
  `domain_type` varchar(11) CHARACTER SET utf8mb4 COLLATE utf8mb4_bin DEFAULT NULL COMMENT '域名类型，自建custom, 官方offical',
  `value` varchar(255) CHARACTER SET utf8mb4 COLLATE utf8mb4_bin DEFAULT NULL,
  `del` int(1) unsigned zerofill DEFAULT '0' COMMENT '0是默认，1是禁用',
  `gmt_create` datetime DEFAULT CURRENT_TIMESTAMP,
  `gmt_modified` datetime DEFAULT CURRENT_TIMESTAMP ON UPDATE CURRENT_TIMESTAMP,
  PRIMARY KEY (`id`)
) ENGINE=InnoDB DEFAULT CHARSET=utf8mb4 COLLATE=utf8mb4_bin;

-- ----------------------------
-- Records of domain
-- ----------------------------
BEGIN;
INSERT INTO `domain` VALUES (1, NULL, 'OFFICIAL', 'g1.fit', 0, '2021-12-14 17:37:50', '2021-12-14 17:37:59');
INSERT INTO `domain` VALUES (2, NULL, 'OFFICIAL', 'devsq.cn', 0, '2021-12-14 17:37:57', '2021-12-14 17:38:11');
INSERT INTO `domain` VALUES (3, 123, 'CUSTOM', 'xdclass.net', 0, '2021-12-14 17:38:26', '2021-12-14 17:38:26');
COMMIT;

-- ----------------------------
-- Table structure for group_code_mapping_0
-- ----------------------------
DROP TABLE IF EXISTS `group_code_mapping_0`;
CREATE TABLE `group_code_mapping_0` (
  `id` bigint unsigned NOT NULL,
  `group_id` bigint DEFAULT NULL COMMENT '组',
  `title` varchar(128) CHARACTER SET utf8mb4 COLLATE utf8mb4_bin DEFAULT NULL COMMENT '短链标题',
  `original_url` varchar(1024) CHARACTER SET utf8mb4 COLLATE utf8mb4_bin DEFAULT NULL COMMENT '原始url地址',
  `domain` varchar(128) CHARACTER SET utf8mb4 COLLATE utf8mb4_bin DEFAULT NULL COMMENT '短链域名',
  `code` varchar(16) CHARACTER SET utf8mb4 COLLATE utf8mb4_bin NOT NULL COMMENT '短链压缩码',
  `sign` varchar(64) CHARACTER SET utf8mb4 COLLATE utf8mb4_bin NOT NULL COMMENT '长链的md5码，方便查找',
  `expired` datetime DEFAULT NULL COMMENT '过期时间，长久就是-1',
  `account_no` bigint DEFAULT NULL COMMENT '账号唯一编号',
  `gmt_create` datetime DEFAULT CURRENT_TIMESTAMP COMMENT '创建时间',
  `gmt_modified` datetime DEFAULT CURRENT_TIMESTAMP ON UPDATE CURRENT_TIMESTAMP COMMENT '修改时间',
  `del` int unsigned NOT NULL COMMENT '0是默认，1是删除',
  `state` varchar(16) CHARACTER SET utf8mb4 COLLATE utf8mb4_bin DEFAULT NULL COMMENT '状态，lock是锁定不可用，active是可用',
  `link_type` varchar(16) CHARACTER SET utf8mb4 COLLATE utf8mb4_bin DEFAULT NULL COMMENT '链接产品层级：FIRST 免费青铜、SECOND黄金、THIRD钻石',
  PRIMARY KEY (`id`),
  UNIQUE KEY `uk_code` (`code`)
) ENGINE=InnoDB DEFAULT CHARSET=utf8mb4 COLLATE=utf8mb4_bin;

-- ----------------------------
-- Records of group_code_mapping_0
-- ----------------------------
BEGIN;
INSERT INTO `group_code_mapping_0` VALUES (1472867519017627649, 1468878230818746370, '测试标题122244442', '679740774606176256&xdclass.net?asdf=a21', 'g1.fit', '12SaNqo0', 'BD55E2424F0F7471A933837D980B05F3', '1970-01-01 07:59:59', 1637241966000, '2021-12-20 17:52:36', '2021-12-20 17:52:36', 0, 'ACTIVE', NULL);
INSERT INTO `group_code_mapping_0` VALUES (1472867519550304258, 1468878230818746370, '测试标题122244442', '679740906563174401&xdclass.net?asdf=a21', 'g1.fit', '04kGcXa', 'E14BB364DFC525F506C63E7ADB1A1959', '1970-01-01 07:59:59', 1637241966000, '2021-12-20 17:52:36', '2021-12-20 17:52:36', 0, 'ACTIVE', NULL);
INSERT INTO `group_code_mapping_0` VALUES (1472873477567508481, 1468878230818746370, '测试标题122244442', '679753118262493184&xdclass.net?asdf=a21', 'g1.fit', 'a3j4c2Ca', '98575C602ED21A238D8833BE837B9007', '1970-01-01 07:59:59', 1637241966000, '2021-12-20 18:16:16', '2021-12-20 18:16:16', 0, 'ACTIVE', NULL);
INSERT INTO `group_code_mapping_0` VALUES (1472873615107125249, 1468878230818746370, 'aa测试标题', '679753257932816384&xdclass.net?asdf=a21', 'g1.fit', '022JbJn0', '94DC5504E05B99B29581B0EB09319DFB', '1970-01-01 07:59:59', 1637241966000, '2021-12-20 18:16:49', '2021-12-20 18:16:49', 0, 'ACTIVE', NULL);
INSERT INTO `group_code_mapping_0` VALUES (1472880016873234433, 1468878230818746370, '全链路测试标题', '679759458196258816&https://xdclass.net?asdf=a21', 'g1.fit', '13HZF6K0', '48AA939BCBD74DAB2089E391D0862F02', '1970-01-01 07:59:59', 1637241966000, '2021-12-20 18:42:15', '2021-12-20 18:42:15', 0, 'ACTIVE', NULL);
INSERT INTO `group_code_mapping_0` VALUES (1472882379042332674, 1468878230818746370, '全链路测试标题', '679761921565523968&https://xdclass.net?asdf=a21', 'g1.fit', 'a4sVhv4a', '3FD227C34814B8BBCB1D0E7CB25C2D91', '1970-01-01 07:59:59', 1637241966000, '2021-12-20 18:51:38', '2021-12-20 18:51:38', 0, 'ACTIVE', NULL);
INSERT INTO `group_code_mapping_0` VALUES (1473555453668593666, 1468878433382658050, '1111111全链路测试标题', '680435105755299840&https://xdclass.net?asdf=a21', 'g1.fit', '1z5Er00', '1337821ED9A3AEC025A4BCE4E17AF59C', '1970-01-01 07:59:59', 1637241966000, '2021-12-22 15:26:11', '2021-12-22 15:26:11', 0, 'ACTIVE', NULL);
INSERT INTO `group_code_mapping_0` VALUES (1473556206806224897, 1468878433382658050, '1111111全链路测试标题', '680435859421396992&https://xdclass.net?asdf=a21', 'g1.fit', '1462MP90', 'FEBACE62E78A91337E36ABDC96B1F137', '1970-01-01 07:59:59', 1637241966000, '2021-12-22 15:29:11', '2021-12-22 15:29:11', 0, 'ACTIVE', NULL);
INSERT INTO `group_code_mapping_0` VALUES (1473861911220088833, 1468878230818746370, '更新标题', '680741553441865728&https://xdclass.net?asdf=a21', 'g1.fit', '13XJcQC0', '378169F2C4376DDFD2BF59BFCCC6CAF7', '1970-01-01 07:59:59', 1637241966000, '2021-12-23 11:43:55', '2021-12-23 11:55:21', 0, 'ACTIVE', NULL);
INSERT INTO `group_code_mapping_0` VALUES (1473867435185647618, 1468878230818746370, 'VA11更新标题', '680747087276539904&https://xdclass.net?asdf=a21', 'g1.fit', 'aOZo8wa', 'B504D5C268B23C34ABAD76D16CA84040', '1970-01-01 07:59:59', 1637241966000, '2021-12-23 12:05:51', '2021-12-23 12:21:58', 1, 'ACTIVE', NULL);
INSERT INTO `group_code_mapping_0` VALUES (1473888843245391874, 1468878230818746370, '小滴课堂V2更新标题', '680768455795802112&https://xdclass.net?asdf=a21', 'g1.fit', '02XKWENa', '6D1173ABA345C103D09F50CB42E1145E', '1970-01-01 07:59:59', 1637241966000, '2021-12-23 13:30:55', '2021-12-23 14:00:45', 1, 'ACTIVE', NULL);
INSERT INTO `group_code_mapping_0` VALUES (1473897585700786178, 1468878230818746370, '小滴课堂V8更新标题', '680777238014066688&https://xdclass.net?asdf=a21', 'g1.fit', '11BTApf0', '8C28D82384F5C2FDE2D989BF3BF12586', '1970-01-01 07:59:59', 1637241966000, '2021-12-23 14:05:39', '2021-12-23 14:07:08', 1, 'ACTIVE', NULL);
INSERT INTO `group_code_mapping_0` VALUES (1484838131353047041, 1468878230818746370, '小滴课堂V8全链路测试标题', '691717783402053632&https://xdclass.net?asdf=a21', 'g1.fit', '11IpnwNa', '4C441203086F7778609EA1181774C341', '1970-01-01 07:59:59', 1637241966000, '2022-01-22 18:39:32', '2022-01-22 18:39:32', 0, 'ACTIVE', NULL);
COMMIT;

-- ----------------------------
-- Table structure for group_code_mapping_1
-- ----------------------------
DROP TABLE IF EXISTS `group_code_mapping_1`;
CREATE TABLE `group_code_mapping_1` (
  `id` bigint unsigned NOT NULL,
  `group_id` bigint DEFAULT NULL COMMENT '组',
  `title` varchar(128) CHARACTER SET utf8mb4 COLLATE utf8mb4_bin DEFAULT NULL COMMENT '短链标题',
  `original_url` varchar(1024) CHARACTER SET utf8mb4 COLLATE utf8mb4_bin DEFAULT NULL COMMENT '原始url地址',
  `domain` varchar(128) CHARACTER SET utf8mb4 COLLATE utf8mb4_bin DEFAULT NULL COMMENT '短链域名',
  `code` varchar(16) CHARACTER SET utf8mb4 COLLATE utf8mb4_bin NOT NULL COMMENT '短链压缩码',
  `sign` varchar(64) CHARACTER SET utf8mb4 COLLATE utf8mb4_bin NOT NULL COMMENT '长链的md5码，方便查找',
  `expired` datetime DEFAULT NULL COMMENT '过期时间，长久就是-1',
  `account_no` bigint DEFAULT NULL COMMENT '账号唯一编号',
  `gmt_create` datetime DEFAULT CURRENT_TIMESTAMP COMMENT '创建时间',
  `gmt_modified` datetime DEFAULT CURRENT_TIMESTAMP ON UPDATE CURRENT_TIMESTAMP COMMENT '修改时间',
  `del` int unsigned NOT NULL COMMENT '0是默认，1是删除',
  `state` varchar(16) CHARACTER SET utf8mb4 COLLATE utf8mb4_bin DEFAULT NULL COMMENT '状态，lock是锁定不可用，active是可用',
  `link_type` varchar(16) CHARACTER SET utf8mb4 COLLATE utf8mb4_bin DEFAULT NULL COMMENT '链接产品层级：FIRST 免费青铜、SECOND黄金、THIRD钻石',
  PRIMARY KEY (`id`),
  UNIQUE KEY `uk_code` (`code`)
) ENGINE=InnoDB DEFAULT CHARSET=utf8mb4 COLLATE=utf8mb4_bin;

-- ----------------------------
-- Records of group_code_mapping_1
-- ----------------------------
BEGIN;
INSERT INTO `group_code_mapping_1` VALUES (1493486850214531074, 1493486484278284289, '小滴课堂V8全链路测试标题1', '700366481958895616&https://xdclass.net?asdf=a21', 'g1.fit', '1336Yo80', '30AE2EAD844485BF93D38B9C4EE2C232', '1970-01-01 07:59:59', 693100647796441088, '2022-02-15 15:26:27', '2022-02-15 15:26:27', 0, 'ACTIVE', NULL);
INSERT INTO `group_code_mapping_1` VALUES (1493487294965944321, 1493486484278284289, '流量包1', '700366944724844545&https://xdclass.net?asdf=a21', 'g1.fit', '14AjNs80', 'CEA85D138C4EAE83FBA021D61893462B', '1970-01-01 07:59:59', 693100647796441088, '2022-02-15 15:28:13', '2022-02-15 15:28:13', 0, 'ACTIVE', NULL);
INSERT INTO `group_code_mapping_1` VALUES (1493487452730494977, 1493486484278284289, '流量包1', '700367094075621376&https://xdclass.net?asdf=a21', 'g1.fit', 'a2n1NVja', '95A04FC8B6C79EE432FCE9B7D6A26518', '1970-01-01 07:59:59', 693100647796441088, '2022-02-15 15:28:51', '2022-02-15 15:28:51', 0, 'ACTIVE', NULL);
INSERT INTO `group_code_mapping_1` VALUES (1493487583810883586, 1493486484278284289, '流量包1', '700367239974486017&https://xdclass.net?asdf=a21', 'g1.fit', 'aFB03O0', 'D364449C650916EC96881A5641FE990D', '1970-01-01 07:59:59', 693100647796441088, '2022-02-15 15:29:22', '2022-02-15 15:29:22', 0, 'ACTIVE', NULL);
INSERT INTO `group_code_mapping_1` VALUES (1493487724122935298, 1493486484278284289, '流量包1', '700367380240400384&https://xdclass.net?asdf=a21', 'g1.fit', '11w1h2na', 'E996AB584A90767F883EA0BB823CCF5B', '1970-01-01 07:59:59', 693100647796441088, '2022-02-15 15:29:55', '2022-02-15 15:29:55', 0, 'ACTIVE', NULL);
INSERT INTO `group_code_mapping_1` VALUES (1493487779596800002, 1493486484278284289, '流量包1', '700367435663933441&https://xdclass.net?asdf=a21', 'g1.fit', 'at2OCka', '37CB32E98F49D03CB2B9AA255CAE417B', '1970-01-01 07:59:59', 693100647796441088, '2022-02-15 15:30:08', '2022-02-15 15:30:08', 0, 'ACTIVE', NULL);
INSERT INTO `group_code_mapping_1` VALUES (1493487824312274945, 1493486484278284289, '流量包1', '700367480362631168&https://xdclass.net?asdf=a21', 'g1.fit', '01iclu20', '8632B7C2A96DFB376823A6D5FDAB4C15', '1970-01-01 07:59:59', 693100647796441088, '2022-02-15 15:30:19', '2022-02-15 15:30:19', 0, 'ACTIVE', NULL);
INSERT INTO `group_code_mapping_1` VALUES (1493496904384831489, 1493486484278284289, '流量包1', '700376556006014976&https://xdclass.net?asdf=a21', 'g1.fit', '11wwAkI0', '9EB2AF57EAC073061C09474D0D3932FB', '1970-01-01 07:59:59', 693100647796441088, '2022-02-15 16:06:24', '2022-02-15 16:06:24', 0, 'ACTIVE', NULL);
INSERT INTO `group_code_mapping_1` VALUES (1493496945627422721, 1493486484278284289, '流量包1', '700376600805376000&https://xdclass.net?asdf=a21', 'g1.fit', '02vAJlha', '94ABAECD352E52708C223270C3DFE277', '1970-01-01 07:59:59', 693100647796441088, '2022-02-15 16:06:34', '2022-02-15 16:06:34', 0, 'ACTIVE', NULL);
INSERT INTO `group_code_mapping_1` VALUES (1493496951654637569, 1493486484278284289, '流量包1', '700376607776309249&https://xdclass.net?asdf=a21', 'g1.fit', '12jcuhMa', '6358AB3E9FB1D9095BC48026C3D14B39', '1970-01-01 07:59:59', 693100647796441088, '2022-02-15 16:06:35', '2022-02-15 16:06:35', 0, 'ACTIVE', NULL);
INSERT INTO `group_code_mapping_1` VALUES (1493496954737451009, 1493486484278284289, '流量包1', '700376610829762560&https://xdclass.net?asdf=a21', 'g1.fit', 'a3yfEZm0', 'BB1C5F06202B12B09E0705987F2ABFE1', '1970-01-01 07:59:59', 693100647796441088, '2022-02-15 16:06:36', '2022-02-15 16:06:36', 0, 'ACTIVE', NULL);
INSERT INTO `group_code_mapping_1` VALUES (1493496972798124034, 1493486484278284289, '流量包1', '700376628835909633&https://xdclass.net?asdf=a21', 'g1.fit', 'aWpvmh0', 'A8E25EAB8F7F9C9D34274FDAB5741ACF', '1970-01-01 07:59:59', 693100647796441088, '2022-02-15 16:06:40', '2022-02-15 16:06:40', 0, 'ACTIVE', NULL);
INSERT INTO `group_code_mapping_1` VALUES (1493497056822616065, 1493486484278284289, '流量包1', '700376712969453569&https://xdclass.net?asdf=a21', 'g1.fit', '113lphQa', '67274ADA7E954347967BCC26A8D443D3', '1970-01-01 07:59:59', 693100647796441088, '2022-02-15 16:07:00', '2022-02-15 16:07:00', 0, 'ACTIVE', NULL);
INSERT INTO `group_code_mapping_1` VALUES (1493497095632510978, 1493486484278284289, '流量包1', '700376751494135809&https://xdclass.net?asdf=a21', 'g1.fit', '13mImN7a', '4AAB806FEF9FD012CA6F432AC5A44AC2', '1970-01-01 07:59:59', 693100647796441088, '2022-02-15 16:07:10', '2022-02-15 16:07:10', 0, 'ACTIVE', NULL);
INSERT INTO `group_code_mapping_1` VALUES (1493497295608537089, 1493486484278284289, '流量包1', '700376951503716352&https://xdclass.net?asdf=a21', 'g1.fit', 'aP9U3ha', '892EBC2DEA8DEC59C571C5C8904F3BAF', '1970-01-01 07:59:59', 693100647796441088, '2022-02-15 16:07:57', '2022-02-15 16:07:57', 0, 'ACTIVE', NULL);
INSERT INTO `group_code_mapping_1` VALUES (1493498476451913730, 1493486484278284289, '流量包1', '700378132200292353&https://xdclass.net?asdf=a21', 'g1.fit', '026VST30', 'AFA883E115F287D0EB6B1BAF71B74399', '1970-01-01 07:59:59', 693100647796441088, '2022-02-15 16:12:39', '2022-02-15 16:12:39', 0, 'ACTIVE', NULL);
INSERT INTO `group_code_mapping_1` VALUES (1493498547587309570, 1493486484278284289, '流量包1', '700378203402797056&https://xdclass.net?asdf=a21', 'g1.fit', '12Mt9hz0', '154DC6D6AA390C2713A039EFD2DDA289', '1970-01-01 07:59:59', 693100647796441088, '2022-02-15 16:12:56', '2022-02-15 16:12:56', 0, 'ACTIVE', NULL);
INSERT INTO `group_code_mapping_1` VALUES (1493498551190216706, 1493486484278284289, '流量包1', '700378207169282048&https://xdclass.net?asdf=a21', 'g1.fit', '026m8O3a', 'FE9A9BD02324FDFF869ABFFF259EAAB9', '1970-01-01 07:59:59', 693100647796441088, '2022-02-15 16:12:57', '2022-02-15 16:12:57', 0, 'ACTIVE', NULL);
INSERT INTO `group_code_mapping_1` VALUES (1493498554172366849, 1493486484278284289, '流量包1', '700378210398896129&https://xdclass.net?asdf=a21', 'g1.fit', '0YX2Qj0', '231B7D90C4A92AFE9A2D0252C22C7C1D', '1970-01-01 07:59:59', 693100647796441088, '2022-02-15 16:12:57', '2022-02-15 16:12:57', 0, 'ACTIVE', NULL);
INSERT INTO `group_code_mapping_1` VALUES (1493498557104185346, 1493486484278284289, '流量包1', '700378213284577280&https://xdclass.net?asdf=a21', 'g1.fit', 'a1WcCm50', 'CD83546CF0EB9196258B8602D7229C86', '1970-01-01 07:59:59', 693100647796441088, '2022-02-15 16:12:58', '2022-02-15 16:12:58', 0, 'ACTIVE', NULL);
INSERT INTO `group_code_mapping_1` VALUES (1493498568663687170, 1493486484278284289, '流量包1', '700378216560328705&https://xdclass.net?asdf=a21', 'g1.fit', '14t7hs0', 'BCA437447AB76D7FE31FEEB99B1792CF', '1970-01-01 07:59:59', 693100647796441088, '2022-02-15 16:13:01', '2022-02-15 16:13:01', 0, 'ACTIVE', NULL);
INSERT INTO `group_code_mapping_1` VALUES (1493498772188094465, 1493486484278284289, '流量包1', '700378428276211712&https://xdclass.net?asdf=a21', 'g1.fit', '1t9LXo0', '2043C6B2BAE3EBD1138ED72852142DD4', '1970-01-01 07:59:59', 693100647796441088, '2022-02-15 16:13:49', '2022-02-15 16:13:49', 0, 'ACTIVE', NULL);
INSERT INTO `group_code_mapping_1` VALUES (1493503593968349185, 1493486484278284289, '流量包1', '700382996900872193&https://xdclass.net?asdf=a21', 'g1.fit', '14Db8kja', 'A8F5F035AF7F41E1CC32A4F90F88835B', '1970-01-01 07:59:59', 693100647796441088, '2022-02-15 16:32:59', '2022-02-15 16:32:59', 0, 'ACTIVE', NULL);
INSERT INTO `group_code_mapping_1` VALUES (1493503803213787138, 1493486484278284289, '流量包1', '700383459276750848&https://xdclass.net?asdf=a21', 'g1.fit', '11scEFaa', '6E02293FA71056BB8460ACB9A5ABE65B', '1970-01-01 07:59:59', 693100647796441088, '2022-02-15 16:33:49', '2022-02-15 16:33:49', 0, 'ACTIVE', NULL);
INSERT INTO `group_code_mapping_1` VALUES (1493503874042998786, 1493486484278284289, '流量包1', '700383529770418176&https://xdclass.net?asdf=a21', 'g1.fit', '12ciIu40', '652F28DE39017C0230BD21B157B4D47D', '1970-01-01 07:59:59', 693100647796441088, '2022-02-15 16:34:06', '2022-02-15 16:34:06', 0, 'ACTIVE', NULL);
INSERT INTO `group_code_mapping_1` VALUES (1493503878614790145, 1493486484278284289, '流量包1', '700383534413512705&https://xdclass.net?asdf=a21', 'g1.fit', 'a2i11EIa', '6F6989D0DAC4AC8A0049D446147862C3', '1970-01-01 07:59:59', 693100647796441088, '2022-02-15 16:34:07', '2022-02-15 16:34:07', 0, 'ACTIVE', NULL);
INSERT INTO `group_code_mapping_1` VALUES (1493786616207032322, 1493486484278284289, '流量包1', '700666268071493632&https://xdclass.net?asdf=a21', 'g1.fit', 'a1Ia9K8a', 'E0632A0673335B64617F2BAEDFCAA266', '1970-01-01 07:59:59', 693100647796441088, '2022-02-16 11:17:41', '2022-02-16 11:17:41', 0, 'ACTIVE', NULL);
INSERT INTO `group_code_mapping_1` VALUES (1493786662075940865, 1493486484278284289, '流量包1', '700666318025654272&https://xdclass.net?asdf=a21', 'g1.fit', '14EryG6a', '5F658E2E5EA99DCB55BD071E168C537B', '1970-01-01 07:59:59', 693100647796441088, '2022-02-16 11:17:52', '2022-02-16 11:17:52', 0, 'ACTIVE', NULL);
INSERT INTO `group_code_mapping_1` VALUES (1493786754879111170, 1493486484278284289, '流量包1', '700666411038539777&https://xdclass.net?asdf=a21', 'g1.fit', '1WNpJU0', 'DCB482503A44BC845528BFC2A154F8BA', '1970-01-01 07:59:59', 693100647796441088, '2022-02-16 11:18:14', '2022-02-16 11:18:14', 0, 'ACTIVE', NULL);
INSERT INTO `group_code_mapping_1` VALUES (1493786760746942465, 1493486484278284289, '流量包1', '700666416688267265&https://xdclass.net?asdf=a21', 'g1.fit', '01gMkPd0', '19401DF9908CE65EE03D823F666B968A', '1970-01-01 07:59:59', 693100647796441088, '2022-02-16 11:18:15', '2022-02-16 11:18:15', 0, 'ACTIVE', NULL);
INSERT INTO `group_code_mapping_1` VALUES (1493786763724898306, 1493486484278284289, '流量包1', '700666419745914880&https://xdclass.net?asdf=a21', 'g1.fit', '04nfwrja', 'AB903A3D648F7F0078E3E530EC2D555E', '1970-01-01 07:59:59', 693100647796441088, '2022-02-16 11:18:16', '2022-02-16 11:18:16', 0, 'ACTIVE', NULL);
INSERT INTO `group_code_mapping_1` VALUES (1493786766929346561, 1493486484278284289, '流量包1', '700666422824534016&https://xdclass.net?asdf=a21', 'g1.fit', 'a2B5lXZa', '78243B164F2C0C49595F52CB16160FCA', '1970-01-01 07:59:59', 693100647796441088, '2022-02-16 11:18:17', '2022-02-16 11:18:17', 0, 'ACTIVE', NULL);
INSERT INTO `group_code_mapping_1` VALUES (1493786772021231618, 1493486484278284289, '流量包1', '700666428038053889&https://xdclass.net?asdf=a21', 'g1.fit', 'a3QOzZDa', 'E124E704F0C12E0B004273EF5C079981', '1970-01-01 07:59:59', 693100647796441088, '2022-02-16 11:18:18', '2022-02-16 11:18:18', 0, 'ACTIVE', NULL);
INSERT INTO `group_code_mapping_1` VALUES (1493799892596879362, 1493486484278284289, '流量包1', '700679520717373440&https://xdclass.net?asdf=a21', 'g1.fit', 'aabbcc', '676488ACDA268059DC13C0A38634E0D6', '1970-01-01 07:59:59', 693100647796441088, '2022-02-16 12:10:37', '2022-02-16 12:10:37', 0, 'ACTIVE', NULL);
INSERT INTO `group_code_mapping_1` VALUES (1493822161054334977, 1493486484278284289, '流量包1', '700701685651079168&https://xdclass.net?asdf=a21', 'g1.fit', '01fEXGDa', '9B42D39581D7403F0864E78E5A310C58', '1970-01-01 07:59:59', 693100647796441088, '2022-02-16 13:38:55', '2022-02-16 13:38:55', 0, 'ACTIVE', NULL);
INSERT INTO `group_code_mapping_1` VALUES (1493822288372432897, 1493486484278284289, '流量包1', '700701944276058112&https://xdclass.net?asdf=a21', 'g1.fit', 'aHb80R0', '6CA6854E7F464C2C3FDAE247DBCDE920', '1970-01-01 07:59:59', 693100647796441088, '2022-02-16 13:39:26', '2022-02-16 13:39:26', 0, 'ACTIVE', NULL);
INSERT INTO `group_code_mapping_1` VALUES (1493857165390123010, 1493486484278284289, '流量包1', '700736817682448384&https://xdclass.net?asdf=a21', 'g1.fit', '14gW3sya', '1EC364C97E257AF4048A11002D750ED4', '1970-01-01 07:59:59', 693100647796441088, '2022-02-16 15:58:01', '2022-02-16 15:58:01', 0, 'ACTIVE', NULL);
INSERT INTO `group_code_mapping_1` VALUES (1493857695931830273, 1493486484278284289, '流量包1', '700737351978057728&https://xdclass.net?asdf=a21', 'g1.fit', 'a54VCqa', '858E7994D61CED1808F61CEC4BFEFE14', '1970-01-01 07:59:59', 693100647796441088, '2022-02-16 16:00:08', '2022-02-16 16:00:08', 0, 'ACTIVE', NULL);
INSERT INTO `group_code_mapping_1` VALUES (1493857699572486146, 1493486484278284289, '流量包1', '700737355740348417&https://xdclass.net?asdf=a21', 'g1.fit', 'a3O9HDq0', '8D3B74E2F7A2525C5864F1FE2181E1CC', '1970-01-01 07:59:59', 693100647796441088, '2022-02-16 16:00:08', '2022-02-16 16:00:08', 0, 'ACTIVE', NULL);
INSERT INTO `group_code_mapping_1` VALUES (1493857703594823681, 1493486484278284289, '流量包1', '700737359800434688&https://xdclass.net?asdf=a21', 'g1.fit', 'a2eMItha', 'C64D59DF0B259B12540E1F255B360156', '1970-01-01 07:59:59', 693100647796441088, '2022-02-16 16:00:09', '2022-02-16 16:00:09', 0, 'ACTIVE', NULL);
INSERT INTO `group_code_mapping_1` VALUES (1493857708296638466, 1493486484278284289, '流量包1', '700737364519026689&https://xdclass.net?asdf=a21', 'g1.fit', '01Kysey0', '43CC3E6CE9F37CC1022DF3C439408914', '1970-01-01 07:59:59', 693100647796441088, '2022-02-16 16:00:11', '2022-02-16 16:00:11', 0, 'ACTIVE', NULL);
INSERT INTO `group_code_mapping_1` VALUES (1493857713245917186, 1493486484278284289, '流量包1', '700737369443139584&https://xdclass.net?asdf=a21', 'g1.fit', 'a1rv2do0', 'ED67399B4A1EC13F93502BD05E31CBD4', '1970-01-01 07:59:59', 693100647796441088, '2022-02-16 16:00:12', '2022-02-16 16:00:12', 0, 'ACTIVE', NULL);
INSERT INTO `group_code_mapping_1` VALUES (1493857718576877569, 1493486484278284289, '流量包1', '700737374736351232&https://xdclass.net?asdf=a21', 'g1.fit', '035Rh9da', 'ED2EA86128F7834CC19A1870769096F3', '1970-01-01 07:59:59', 693100647796441088, '2022-02-16 16:00:13', '2022-02-16 16:00:13', 0, 'ACTIVE', NULL);
INSERT INTO `group_code_mapping_1` VALUES (1493858352952774657, 1493486484278284289, '流量包1', '700738009108054017&https://xdclass.net?asdf=a21', 'g1.fit', '01EOJOv0', 'D09DC4368BBCFD34DFC7B5338A67124E', '1970-01-01 07:59:59', 693100647796441088, '2022-02-16 16:02:44', '2022-02-16 16:02:44', 0, 'ACTIVE', NULL);
INSERT INTO `group_code_mapping_1` VALUES (1493858489120854018, 1493486484278284289, '流量包1', '700738145322270720&https://xdclass.net?asdf=a21', 'g1.fit', '144c4t50', '3A0132F0EBB6AD2B2FEAADEAA8F10D66', '1970-01-01 07:59:59', 693100647796441088, '2022-02-16 16:03:17', '2022-02-16 16:03:17', 0, 'ACTIVE', NULL);
INSERT INTO `group_code_mapping_1` VALUES (1493858492019118082, 1493486484278284289, '流量包1', '700738148237312001&https://xdclass.net?asdf=a21', 'g1.fit', '044fndp0', 'B4B1A2E81FE3A77012A39456617FCDA0', '1970-01-01 07:59:59', 693100647796441088, '2022-02-16 16:03:17', '2022-02-16 16:03:17', 0, 'ACTIVE', NULL);
INSERT INTO `group_code_mapping_1` VALUES (1493858495433281537, 1493486484278284289, '流量包1', '700738151550812160&https://xdclass.net?asdf=a21', 'g1.fit', '1BV77oa', 'FAF209D226773647F5278A89D4181A09', '1970-01-01 07:59:59', 693100647796441088, '2022-02-16 16:03:18', '2022-02-16 16:03:18', 0, 'ACTIVE', NULL);
INSERT INTO `group_code_mapping_1` VALUES (1493858506132951041, 1493486484278284289, '流量包1', '700738162263064577&https://xdclass.net?asdf=a21', 'g1.fit', '02GAXcta', '56718C180BB96B2A1C6DF3D8D5EB2DAE', '1970-01-01 07:59:59', 693100647796441088, '2022-02-16 16:03:21', '2022-02-16 16:03:21', 0, 'ACTIVE', NULL);
INSERT INTO `group_code_mapping_1` VALUES (1493858513682698241, 1493486484278284289, '流量包1', '700738169930252288&https://xdclass.net?asdf=a21', 'g1.fit', '12UJPkF0', '96081E2025C310E1C0FBAB2340B07ED8', '1970-01-01 07:59:59', 693100647796441088, '2022-02-16 16:03:23', '2022-02-16 16:03:23', 0, 'ACTIVE', NULL);
INSERT INTO `group_code_mapping_1` VALUES (1493858566556094465, 1493486484278284289, '流量包1', '700738222744928257&https://xdclass.net?asdf=a21', 'g1.fit', 'a4r4jC70', '3392CF1B860C725BD631185180B6E9E9', '1970-01-01 07:59:59', 693100647796441088, '2022-02-16 16:03:35', '2022-02-16 16:03:35', 0, 'ACTIVE', NULL);
INSERT INTO `group_code_mapping_1` VALUES (1494952049865965569, 1493486484278284289, '流量包22222', '701831702233743360&https://xdclass.net?asdf=a21', 'g1.fit', '11iPNTga', '0FD719A41500113A22280FD26A68D24A', '1970-01-01 07:59:59', 693100647796441088, '2022-02-19 16:28:38', '2022-02-19 16:28:38', 0, 'ACTIVE', NULL);
INSERT INTO `group_code_mapping_1` VALUES (1494955052224266241, 1493486484278284289, '流量包33', '701834603379294208&https://xdclass.net?asdf=a21', 'g1.fit', '0FbIih0', '22911D13F2238FCF0BA3E808461EE363', '1970-01-01 07:59:59', 693100647796441088, '2022-02-19 16:40:34', '2022-02-19 16:40:34', 0, 'ACTIVE', NULL);
INSERT INTO `group_code_mapping_1` VALUES (1494956361368047617, 1493486484278284289, '流量包33', '701836013504299008&https://xdclass.net?asdf=a21', 'g1.fit', '02y7gXa', 'A91EBD2EFC979257C300B8232CADB378', '1970-01-01 07:59:59', 693100647796441088, '2022-02-19 16:45:46', '2022-02-19 16:45:46', 0, 'ACTIVE', NULL);
INSERT INTO `group_code_mapping_1` VALUES (1494956372126437377, 1493486484278284289, '流量包33', '701836027391639552&https://xdclass.net?asdf=a21', 'g1.fit', 'a2UxAtR0', 'BA5BC3B3AB269C41DB8EC678D7277E89', '1970-01-01 07:59:59', 693100647796441088, '2022-02-19 16:45:48', '2022-02-19 16:45:48', 0, 'ACTIVE', NULL);
INSERT INTO `group_code_mapping_1` VALUES (1494956374181646337, 1493486484278284289, '流量包33', '701836030432509953&https://xdclass.net?asdf=a21', 'g1.fit', '04v1n700', '845ED4CE494500D6131874380E89A696', '1970-01-01 07:59:59', 693100647796441088, '2022-02-19 16:45:49', '2022-02-19 16:45:49', 0, 'ACTIVE', NULL);
INSERT INTO `group_code_mapping_1` VALUES (1494956377113464833, 1493486484278284289, '流量包33', '701836033288830976&https://xdclass.net?asdf=a21', 'g1.fit', 'aAuMRxa', 'F44EE691D82D56026A4886A5E362C799', '1970-01-01 07:59:59', 693100647796441088, '2022-02-19 16:45:49', '2022-02-19 16:45:49', 0, 'ACTIVE', NULL);
INSERT INTO `group_code_mapping_1` VALUES (1494956381186134018, 1493486484278284289, '流量包33', '701836037424414721&https://xdclass.net?asdf=a21', 'g1.fit', '01cXhtKa', 'B4045732E918ED647C22879262932E89', '1970-01-01 07:59:59', 693100647796441088, '2022-02-19 16:45:50', '2022-02-19 16:45:50', 0, 'ACTIVE', NULL);
INSERT INTO `group_code_mapping_1` VALUES (1494956936230965249, 1493486484278284289, '流量包33', '701836592460857344&https://xdclass.net?asdf=a21', 'g1.fit', '11VAJEQ0', '254DCB5CE03544360F0E19FEE76CDA1B', '1970-01-01 07:59:59', 693100647796441088, '2022-02-19 16:48:03', '2022-02-19 16:48:03', 0, 'ACTIVE', NULL);
INSERT INTO `group_code_mapping_1` VALUES (1494973041795440641, 1493486484278284289, '流量包事务链路测试V1', '701852693827682304&https://xdclass.net?asdf=a21', 'g1.fit', 'aTCnkua', 'D8C7B0183649E1375A5F27A15FD1430B', '1970-01-01 07:59:59', 693100647796441088, '2022-02-19 17:52:03', '2022-02-19 17:52:03', 0, 'ACTIVE', NULL);
INSERT INTO `group_code_mapping_1` VALUES (1494973691908366338, 1493486484278284289, 'test流量包事务链路测试V1', '701853348113940480&https://xdclass.net?asdf=a21', 'g1.fit', '028Xbu2a', 'D176F52D997B1793657B0E32C4135E02', '1970-01-01 07:59:59', 693100647796441088, '2022-02-19 17:54:38', '2022-02-19 17:54:38', 0, 'ACTIVE', NULL);
INSERT INTO `group_code_mapping_1` VALUES (1518180664639922178, 1493486484278284289, 'Vue官网', '724939523737255936&https://cn.vuejs.org/v2/guide/index.html', 'g1.fit', '12fIbIma', '5A6A88D931383E267B4DC44A30BB8069', '1970-01-01 07:59:59', 693100647796441088, '2022-04-24 18:50:51', '2022-04-24 18:50:51', 0, 'ACTIVE', NULL);
INSERT INTO `group_code_mapping_1` VALUES (1518182310832939010, 1493486484278284289, 'Vue官网', '724941171285032960&https://cn.vuejs.org/v2/guide/index.html', 'g1.fit', '14lFdyTa', 'A2B0F27C37CA2FEECFF793B21169DF3C', '1970-01-01 07:59:59', 693100647796441088, '2022-04-24 18:57:24', '2022-04-24 18:57:24', 0, 'ACTIVE', NULL);
COMMIT;

-- ----------------------------
-- Table structure for link_group
-- ----------------------------
DROP TABLE IF EXISTS `link_group`;
CREATE TABLE `link_group` (
  `id` bigint unsigned NOT NULL,
  `title` varchar(255) CHARACTER SET utf8mb4 COLLATE utf8mb4_bin DEFAULT NULL COMMENT '组名',
  `account_no` bigint DEFAULT NULL COMMENT '账号唯一编号',
  `gmt_create` datetime DEFAULT CURRENT_TIMESTAMP,
  `gmt_modified` datetime DEFAULT CURRENT_TIMESTAMP ON UPDATE CURRENT_TIMESTAMP,
  PRIMARY KEY (`id`)
) ENGINE=InnoDB DEFAULT CHARSET=utf8mb4 COLLATE=utf8mb4_bin;

-- ----------------------------
-- Records of link_group
-- ----------------------------
BEGIN;
INSERT INTO `link_group` VALUES (1468878230818746370, '测试水平分库分组0', 1637241966000, '2021-12-09 17:40:34', '2021-12-09 17:40:34');
INSERT INTO `link_group` VALUES (1468878433382658050, '测试水平分库分组1', 1637241966000, '2021-12-09 17:41:22', '2021-12-09 17:41:22');
INSERT INTO `link_group` VALUES (1468878444216545282, '测试水平分库分组2', 1637241966000, '2021-12-09 17:41:24', '2021-12-09 17:41:24');
INSERT INTO `link_group` VALUES (1468878456170311682, '测试水平分库分组3', 1637241966000, '2021-12-09 17:41:27', '2021-12-09 17:41:27');
INSERT INTO `link_group` VALUES (1473553623177756674, '测试分组2', 1637241966000, '2021-12-22 15:18:55', '2021-12-22 15:18:55');
INSERT INTO `link_group` VALUES (1493486484278284289, '测试分组2', 693100647796441088, '2022-02-15 15:25:00', '2022-02-15 15:25:00');
INSERT INTO `link_group` VALUES (1518430808861245441, '测试分组3', 693100647796441088, '2022-04-25 11:24:50', '2022-04-25 11:24:50');
INSERT INTO `link_group` VALUES (1518432002077818881, '测试分组3', 693100647796441088, '2022-04-25 11:29:35', '2022-04-25 11:29:35');
INSERT INTO `link_group` VALUES (1518433162595598338, '前端测试1', 693100647796441088, '2022-04-25 11:34:11', '2022-04-25 11:34:11');
INSERT INTO `link_group` VALUES (1518434566026493954, '前端测试2', 693100647796441088, '2022-04-25 11:39:46', '2022-04-25 11:39:46');
INSERT INTO `link_group` VALUES (1518435247370207234, '1213', 693100647796441088, '2022-04-25 11:42:28', '2022-04-25 11:42:28');
INSERT INTO `link_group` VALUES (1518435491097018369, '1213', 693100647796441088, '2022-04-25 11:43:26', '2022-04-25 11:43:26');
INSERT INTO `link_group` VALUES (1518442432502366209, '001', 693100647796441088, '2022-04-25 12:11:01', '2022-04-25 12:11:01');
INSERT INTO `link_group` VALUES (1518454639772499969, '新建1', 693100647796441088, '2022-04-25 12:59:32', '2022-04-25 12:59:32');
INSERT INTO `link_group` VALUES (1518462956192333825, '123', 693100647796441088, '2022-04-25 13:32:35', '2022-04-25 13:32:35');
INSERT INTO `link_group` VALUES (1518465032003715074, '996', 693100647796441088, '2022-04-25 13:40:50', '2022-04-25 13:40:50');
INSERT INTO `link_group` VALUES (1518469603832823810, '456', 693100647796441088, '2022-04-25 13:59:00', '2022-04-25 13:59:00');
INSERT INTO `link_group` VALUES (1518478365356392450, '14:33', 693100647796441088, '2022-04-25 14:33:48', '2022-04-25 14:33:48');
INSERT INTO `link_group` VALUES (1518480249014124546, '99999', 693100647796441088, '2022-04-25 14:41:18', '2022-04-25 14:41:18');
INSERT INTO `link_group` VALUES (1518481620912242689, '*****', 693100647796441088, '2022-04-25 14:46:45', '2022-04-25 14:46:45');
INSERT INTO `link_group` VALUES (1518497455882043393, '事件总线', 693100647796441088, '2022-04-25 15:49:40', '2022-04-25 15:49:40');
INSERT INTO `link_group` VALUES (1518499931989409794, 'mitt事件总线', 693100647796441088, '2022-04-25 15:59:30', '2022-04-25 15:59:30');
INSERT INTO `link_group` VALUES (1518500190895407105, '****#####', 693100647796441088, '2022-04-25 16:00:32', '2022-04-25 16:00:32');
INSERT INTO `link_group` VALUES (1518500651740364802, '新建总线完成', 693100647796441088, '2022-04-25 16:02:22', '2022-04-25 16:02:22');
INSERT INTO `link_group` VALUES (1518505978531610626, '0.0', 693100647796441088, '2022-04-25 16:23:32', '2022-04-25 16:23:32');
COMMIT;

-- ----------------------------
-- Table structure for short_link_0
-- ----------------------------
DROP TABLE IF EXISTS `short_link_0`;
CREATE TABLE `short_link_0` (
  `id` bigint unsigned NOT NULL,
  `group_id` bigint DEFAULT NULL COMMENT '组',
  `title` varchar(128) CHARACTER SET utf8mb4 COLLATE utf8mb4_bin DEFAULT NULL COMMENT '短链标题',
  `original_url` varchar(1024) CHARACTER SET utf8mb4 COLLATE utf8mb4_bin DEFAULT NULL COMMENT '原始url地址',
  `domain` varchar(128) CHARACTER SET utf8mb4 COLLATE utf8mb4_bin DEFAULT NULL COMMENT '短链域名',
  `code` varchar(16) CHARACTER SET utf8mb4 COLLATE utf8mb4_bin NOT NULL COMMENT '短链压缩码',
  `sign` varchar(64) CHARACTER SET utf8mb4 COLLATE utf8mb4_bin NOT NULL COMMENT '长链的md5码，方便查找',
  `expired` datetime DEFAULT NULL COMMENT '过期时间，长久就是-1',
  `account_no` bigint DEFAULT NULL COMMENT '账号唯一编号',
  `gmt_create` datetime DEFAULT CURRENT_TIMESTAMP COMMENT '创建时间',
  `gmt_modified` datetime DEFAULT CURRENT_TIMESTAMP ON UPDATE CURRENT_TIMESTAMP COMMENT '修改时间',
  `del` int unsigned NOT NULL COMMENT '0是默认，1是删除',
  `state` varchar(16) CHARACTER SET utf8mb4 COLLATE utf8mb4_bin DEFAULT NULL COMMENT '状态，lock是锁定不可用，active是可用',
  `link_type` varchar(16) CHARACTER SET utf8mb4 COLLATE utf8mb4_bin DEFAULT NULL COMMENT '链接产品层级：FIRST 免费青铜、SECOND黄金、THIRD钻石',
  PRIMARY KEY (`id`),
  UNIQUE KEY `uk_code` (`code`)
) ENGINE=InnoDB DEFAULT CHARSET=utf8mb4 COLLATE=utf8mb4_bin;

-- ----------------------------
-- Records of short_link_0
-- ----------------------------
BEGIN;
INSERT INTO `short_link_0` VALUES (1469558440480210946, NULL, NULL, NULL, NULL, '029OD4Q0', 'C1876D205BF3C10AC14D6453A44A61FD', NULL, 99363517, '2021-12-11 14:43:27', '2021-12-11 14:43:27', 0, NULL, NULL);
INSERT INTO `short_link_0` VALUES (1472873615107125250, 1468878230818746370, 'aa测试标题', '679753257932816384&xdclass.net?asdf=a21', 'g1.fit', '022JbJn0', '94DC5504E05B99B29581B0EB09319DFB', '1970-01-01 07:59:59', 1637241966000, '2021-12-20 18:16:49', '2021-12-20 18:16:49', 0, 'ACTIVE', NULL);
INSERT INTO `short_link_0` VALUES (1473552134174674945, 1468878230818746370, '1111全链路测试标题', '680431667436847104&https://xdclass.net?asdf=a21', 'g1.fit', '01PM9EL0', '869C58E9ADC102CD34C952C32554ABCF', '1970-01-01 07:59:59', 1637241966000, '2021-12-22 15:13:00', '2021-12-22 15:13:00', 0, 'ACTIVE', NULL);
INSERT INTO `short_link_0` VALUES (1485954094714621954, NULL, NULL, NULL, NULL, '02DtlHx0', '3814A56B4E2E2DCA887185FC8CCB10D0', NULL, 10391327, '2022-01-25 20:33:58', '2022-01-25 20:33:58', 0, NULL, NULL);
INSERT INTO `short_link_0` VALUES (1492877078128050178, NULL, NULL, NULL, NULL, '01Bygkk0', 'B543D7EDDACBA9EB624686DBF78FD277', NULL, 98542494, '2022-02-13 23:03:26', '2022-02-13 23:03:26', 0, NULL, NULL);
INSERT INTO `short_link_0` VALUES (1492877079336009730, NULL, NULL, NULL, NULL, '04CP6yB0', '942DBA45B2A662ABB904B5AD49EB6637', NULL, 78553664, '2022-02-13 23:03:26', '2022-02-13 23:03:26', 0, NULL, NULL);
INSERT INTO `short_link_0` VALUES (1492877083240906754, NULL, NULL, NULL, NULL, '03NQR8g0', '0EAFC04CAC747223A02483FE06FE0C59', NULL, 24030597, '2022-02-13 23:03:27', '2022-02-13 23:03:27', 0, NULL, NULL);
INSERT INTO `short_link_0` VALUES (1493487824828174337, 1493486484278284289, '流量包1', '700367480362631168&https://xdclass.net?asdf=a21', 'g1.fit', '01iclu20', '8632B7C2A96DFB376823A6D5FDAB4C15', '2023-01-01 07:59:59', 693100647796441088, '2022-02-15 15:30:19', '2022-03-01 21:49:38', 0, 'ACTIVE', NULL);
INSERT INTO `short_link_0` VALUES (1493498477307551745, 1493486484278284289, '流量包1', '700378132200292353&https://xdclass.net?asdf=a21', 'g1.fit', '026VST30', 'AFA883E115F287D0EB6B1BAF71B74399', '1970-01-01 07:59:59', 693100647796441088, '2022-02-15 16:12:39', '2022-02-15 16:12:39', 0, 'ACTIVE', NULL);
INSERT INTO `short_link_0` VALUES (1493498554889592834, 1493486484278284289, '流量包1', '700378210398896129&https://xdclass.net?asdf=a21', 'g1.fit', '0YX2Qj0', '231B7D90C4A92AFE9A2D0252C22C7C1D', '2023-01-01 07:59:59', 693100647796441088, '2022-02-15 16:12:58', '2022-03-01 21:59:37', 0, 'ACTIVE', NULL);
INSERT INTO `short_link_0` VALUES (1493786761363505154, 1493486484278284289, '流量包1', '700666416688267265&https://xdclass.net?asdf=a21', 'g1.fit', '01gMkPd0', '19401DF9908CE65EE03D823F666B968A', '1970-01-01 07:59:59', 693100647796441088, '2022-02-16 11:18:15', '2022-02-16 11:18:15', 0, 'ACTIVE', NULL);
INSERT INTO `short_link_0` VALUES (1493857709001281537, 1493486484278284289, '流量包1', '700737364519026689&https://xdclass.net?asdf=a21', 'g1.fit', '01Kysey0', '43CC3E6CE9F37CC1022DF3C439408914', '1970-01-01 07:59:59', 693100647796441088, '2022-02-16 16:00:11', '2022-02-16 16:00:11', 0, 'ACTIVE', NULL);
INSERT INTO `short_link_0` VALUES (1493858353489645570, 1493486484278284289, '流量包1', '700738009108054017&https://xdclass.net?asdf=a21', 'g1.fit', '01EOJOv0', 'D09DC4368BBCFD34DFC7B5338A67124E', '1970-01-01 07:59:59', 693100647796441088, '2022-02-16 16:02:44', '2022-02-16 16:02:44', 0, 'ACTIVE', NULL);
INSERT INTO `short_link_0` VALUES (1493858492434354177, 1493486484278284289, '流量包1', '700738148237312001&https://xdclass.net?asdf=a21', 'g1.fit', '044fndp0', 'B4B1A2E81FE3A77012A39456617FCDA0', '1970-01-01 07:59:59', 693100647796441088, '2022-02-16 16:03:17', '2022-02-16 16:03:17', 0, 'ACTIVE', NULL);
INSERT INTO `short_link_0` VALUES (1494956374831763457, 1493486484278284289, '流量包33', '701836030432509953&https://xdclass.net?asdf=a21', 'g1.fit', '04v1n700', '845ED4CE494500D6131874380E89A696', '1970-01-01 07:59:59', 693100647796441088, '2022-02-19 16:45:49', '2022-02-19 16:45:49', 0, 'ACTIVE', NULL);
INSERT INTO `short_link_0` VALUES (1499314178920312834, NULL, NULL, NULL, NULL, '011nyEN0', '9FD2AD9CE667009092AFB76D7765F34D', NULL, 8747594, '2022-03-03 17:22:11', '2022-03-03 17:22:11', 0, NULL, NULL);
COMMIT;

-- ----------------------------
-- Table structure for short_link_a
-- ----------------------------
DROP TABLE IF EXISTS `short_link_a`;
CREATE TABLE `short_link_a` (
  `id` bigint unsigned NOT NULL,
  `group_id` bigint DEFAULT NULL COMMENT '组',
  `title` varchar(128) CHARACTER SET utf8mb4 COLLATE utf8mb4_bin DEFAULT NULL COMMENT '短链标题',
  `original_url` varchar(1024) CHARACTER SET utf8mb4 COLLATE utf8mb4_bin DEFAULT NULL COMMENT '原始url地址',
  `domain` varchar(128) CHARACTER SET utf8mb4 COLLATE utf8mb4_bin DEFAULT NULL COMMENT '短链域名',
  `code` varchar(16) CHARACTER SET utf8mb4 COLLATE utf8mb4_bin NOT NULL COMMENT '短链压缩码',
  `sign` varchar(64) CHARACTER SET utf8mb4 COLLATE utf8mb4_bin NOT NULL COMMENT '长链的md5码，方便查找',
  `expired` datetime DEFAULT NULL COMMENT '过期时间，长久就是-1',
  `account_no` bigint DEFAULT NULL COMMENT '账号唯一编号',
  `gmt_create` datetime DEFAULT CURRENT_TIMESTAMP COMMENT '创建时间',
  `gmt_modified` datetime DEFAULT CURRENT_TIMESTAMP ON UPDATE CURRENT_TIMESTAMP COMMENT '修改时间',
  `del` int unsigned NOT NULL COMMENT '0是默认，1是删除',
  `state` varchar(16) CHARACTER SET utf8mb4 COLLATE utf8mb4_bin DEFAULT NULL COMMENT '状态，lock是锁定不可用，active是可用',
  `link_type` varchar(16) CHARACTER SET utf8mb4 COLLATE utf8mb4_bin DEFAULT NULL COMMENT '链接产品层级：FIRST 免费青铜、SECOND黄金、THIRD钻石',
  PRIMARY KEY (`id`),
  UNIQUE KEY `uk_code` (`code`)
) ENGINE=InnoDB DEFAULT CHARSET=utf8mb4 COLLATE=utf8mb4_bin;

-- ----------------------------
-- Records of short_link_a
-- ----------------------------
BEGIN;
INSERT INTO `short_link_a` VALUES (1469558440039809025, NULL, NULL, NULL, NULL, '04DzCFLa', 'E00F7393582CBAEFAA5D88B10DBB0FEC', NULL, 46978791, '2021-12-11 14:43:27', '2021-12-11 14:43:27', 0, NULL, NULL);
INSERT INTO `short_link_a` VALUES (1472861250374434817, 1468878230818746370, '测试标题122244442', '679740906563174401&xdclass.net?asdf=a21', 'g1.fit', '04kGcXa', 'E14BB364DFC525F506C63E7ADB1A1959', '1970-01-01 07:59:59', 1637241966000, '2021-12-20 17:27:41', '2021-12-20 17:27:41', 0, 'ACTIVE', NULL);
INSERT INTO `short_link_a` VALUES (1473553768598470658, 1468878433382658050, '1111111全链路测试标题', '680433423919087616&https://xdclass.net?asdf=a21', 'g1.fit', '0akGW7a', '4B72331DF44F64421FE4AF3D95C5F7F0', '1970-01-01 07:59:59', 1637241966000, '2021-12-22 15:19:29', '2021-12-22 15:19:29', 0, 'ACTIVE', NULL);
INSERT INTO `short_link_a` VALUES (1473888828313669633, 1468878230818746370, '小滴课堂V2更新标题', '680768455795802112&https://xdclass.net?asdf=a21', 'g1.fit', '02XKWENa', '6D1173ABA345C103D09F50CB42E1145E', '1970-01-01 07:59:59', 1637241966000, '2021-12-23 13:30:55', '2021-12-23 14:00:45', 1, 'ACTIVE', NULL);
INSERT INTO `short_link_a` VALUES (1485954086502174722, NULL, NULL, NULL, NULL, '02BIdkQa', '840AD013AEBD3212F4B10C6F10BDF5A8', NULL, 99449754, '2022-01-25 20:33:57', '2022-01-25 20:33:57', 0, NULL, NULL);
INSERT INTO `short_link_a` VALUES (1485954091598254081, NULL, NULL, NULL, NULL, '043ZG7Da', '1CDBCC32A74056B5AF0970FEFDBBD9C2', NULL, 16532251, '2022-01-25 20:33:58', '2022-01-25 20:33:58', 0, NULL, NULL);
INSERT INTO `short_link_a` VALUES (1492877081542213634, NULL, NULL, NULL, NULL, '04wflUXa', '28414C0A52FB7A5D98B492C5D6FDD568', NULL, 32524615, '2022-02-13 23:03:27', '2022-02-13 23:03:27', 0, NULL, NULL);
INSERT INTO `short_link_a` VALUES (1493496946164293634, 1493486484278284289, '流量包1', '700376600805376000&https://xdclass.net?asdf=a21', 'g1.fit', '02vAJlha', '94ABAECD352E52708C223270C3DFE277', '1970-01-01 07:59:59', 693100647796441088, '2022-02-15 16:06:34', '2022-02-15 16:06:34', 0, 'ACTIVE', NULL);
INSERT INTO `short_link_a` VALUES (1493498551915831297, 1493486484278284289, '流量包1', '700378207169282048&https://xdclass.net?asdf=a21', 'g1.fit', '026m8O3a', 'FE9A9BD02324FDFF869ABFFF259EAAB9', '2024-01-01 07:59:59', 693100647796441088, '2022-02-15 16:12:57', '2022-03-01 22:30:31', 0, 'ACTIVE', NULL);
INSERT INTO `short_link_a` VALUES (1493786764274352130, 1493486484278284289, '流量包1', '700666419745914880&https://xdclass.net?asdf=a21', 'g1.fit', '04nfwrja', 'AB903A3D648F7F0078E3E530EC2D555E', '1970-01-01 07:59:59', 693100647796441088, '2022-02-16 11:18:16', '2022-02-16 11:18:16', 0, 'ACTIVE', NULL);
INSERT INTO `short_link_a` VALUES (1493822168314675201, 1493486484278284289, '流量包1', '700701685651079168&https://xdclass.net?asdf=a21', 'g1.fit', '01fEXGDa', '9B42D39581D7403F0864E78E5A310C58', '1970-01-01 07:59:59', 693100647796441088, '2022-02-16 13:38:57', '2022-02-16 13:38:57', 0, 'ACTIVE', NULL);
INSERT INTO `short_link_a` VALUES (1493857718966947842, 1493486484278284289, '流量包1', '700737374736351232&https://xdclass.net?asdf=a21', 'g1.fit', '035Rh9da', 'ED2EA86128F7834CC19A1870769096F3', '1970-01-01 07:59:59', 693100647796441088, '2022-02-16 16:00:13', '2022-02-16 16:00:13', 0, 'ACTIVE', NULL);
INSERT INTO `short_link_a` VALUES (1493858506669821954, 1493486484278284289, '流量包1', '700738162263064577&https://xdclass.net?asdf=a21', 'g1.fit', '02GAXcta', '56718C180BB96B2A1C6DF3D8D5EB2DAE', '1970-01-01 07:59:59', 693100647796441088, '2022-02-16 16:03:21', '2022-02-16 16:03:21', 0, 'ACTIVE', NULL);
INSERT INTO `short_link_a` VALUES (1494956368611610625, 1493486484278284289, '流量包33', '701836013504299008&https://xdclass.net?asdf=a21', 'g1.fit', '02y7gXa', 'A91EBD2EFC979257C300B8232CADB378', '1970-01-01 07:59:59', 693100647796441088, '2022-02-19 16:45:47', '2022-02-19 16:45:47', 0, 'ACTIVE', NULL);
INSERT INTO `short_link_a` VALUES (1494956381915942913, 1493486484278284289, '流量包33', '701836037424414721&https://xdclass.net?asdf=a21', 'g1.fit', '01cXhtKa', 'B4045732E918ED647C22879262932E89', '1970-01-01 07:59:59', 693100647796441088, '2022-02-19 16:45:51', '2022-02-19 16:45:51', 0, 'ACTIVE', NULL);
INSERT INTO `short_link_a` VALUES (1499313608746618882, NULL, NULL, NULL, NULL, '02CpSzya', '3323C23BA80556554004F67A22C6A18A', NULL, 98109924, '2022-03-03 17:19:55', '2022-03-03 17:19:55', 0, NULL, NULL);
INSERT INTO `short_link_a` VALUES (1499313613461016577, NULL, NULL, NULL, NULL, '02nYiSta', '3BB5BDF4AC5B5AD61B50D64C63A3D869', NULL, 30656598, '2022-03-03 17:19:56', '2022-03-03 17:19:56', 0, NULL, NULL);
INSERT INTO `short_link_a` VALUES (1499313617483354114, NULL, NULL, NULL, NULL, '03q97qna', '67B2867372B58A8C8C565FC6E1FF2F8E', NULL, 77217492, '2022-03-03 17:19:57', '2022-03-03 17:19:57', 0, NULL, NULL);
INSERT INTO `short_link_a` VALUES (1517912130131628034, NULL, NULL, NULL, NULL, '031GHfBa', '641DA95A32F7DB8C652A649658CA0F16', NULL, 56772460, '2022-04-24 01:03:52', '2022-04-24 01:03:52', 0, NULL, NULL);
INSERT INTO `short_link_a` VALUES (1517912131561885698, NULL, NULL, NULL, NULL, '03LXS2Oa', 'D11E3D65DE7A3E02077C6E7E24EB2F22', NULL, 98785642, '2022-04-24 01:03:52', '2022-04-24 01:03:52', 0, NULL, NULL);
COMMIT;

SET FOREIGN_KEY_CHECKS = 1;
